Nosaukums,Pakape,klases_burts,No,Lidz,Skaits,Kods,Programma,Licence,Pamatprogramma,Valoda
1. a,1,a,9/1/2020,8/31/2021,28,21011111,Pamatizglītības programma,Nav,Jā,Latviešu
1. b,1,b,9/1/2020,8/31/2021,28,21011111,Pamatizglītības programma,Nav,Jā,Latviešu
1. c,1,c,9/1/2020,8/31/2021,28,21011111,Pamatizglītības programma,Nav,Jā,Latviešu
1. d,1,d,9/1/2020,8/31/2021,28,21011111,Pamatizglītības programma,Nav,Jā,Latviešu
1. e,1,e,9/1/2020,8/31/2021,21,21011111,Pamatizglītības programma,Nav,Jā,Latviešu
1. e,1,e,9/1/2020,8/31/2021,1,21015611,Speciālās pamatizglītības programma izglītojamajiem ar mācīšanās traucējumiem,Nav,Nē,Latviešu
2. a,2,a,9/1/2020,8/31/2021,20,21011111,Pamatizglītības programma,V-9387,Jā,Latviešu
2. b,2,b,9/1/2020,8/31/2021,28,21013111,Pamatizglītības dabaszinību programma,V-9389,Jā,Latviešu
2. c,2,c,9/1/2020,8/31/2021,25,21013111,Pamatizglītības dabaszinību programma,V-9389,Jā,Latviešu
2. d,2,d,9/1/2020,8/31/2021,24,21012111,Pamatizglītības humanitārā un sociālā virziena programma,V-9388,Jā,Latviešu
2. e,2,e,9/1/2020,8/31/2021,24,21013111,Pamatizglītības dabaszinību programma,V-9389,Jā,Latviešu
2. f,2,f,9/1/2020,8/31/2021,22,21011111,Pamatizglītības programma,V-9387,Jā,Latviešu
2. f,2,f,9/1/2020,8/31/2021,2,21015611,Speciālās pamatizglītības programma izglītojamajiem ar mācīšanās traucējumiem,V-9390,Nē,Latviešu
3. a,3,a,9/1/2020,8/31/2021,27,21011111,Pamatizglītības programma,V-9387,Jā,Latviešu
3. a,3,a,9/1/2020,8/31/2021,1,21015611,Speciālās pamatizglītības programma izglītojamajiem ar mācīšanās traucējumiem,V-9390,Nē,Latviešu
3. b,3,b,9/1/2020,8/31/2021,28,21013111,Pamatizglītības dabaszinību programma,V-9389,Jā,Latviešu
3. c,3,c,9/1/2020,8/31/2021,29,21013111,Pamatizglītības dabaszinību programma,V-9389,Jā,Latviešu
3. d,3,d,9/1/2020,8/31/2021,30,21012111,Pamatizglītības humanitārā un sociālā virziena programma,V-9388,Jā,Latviešu
3. e,3,e,9/1/2020,8/31/2021,28,21013111,Pamatizglītības dabaszinību programma,V-9389,Jā,Latviešu
4. a,4,a,9/1/2020,8/31/2021,19,21011111,Pamatizglītības programma,Nav,Jā,Latviešu
4. a,4,a,9/1/2020,8/31/2021,4,21015611,Speciālās pamatizglītības programma izglītojamajiem ar mācīšanās traucējumiem,Nav,Nē,Latviešu
4. b,4,b,9/1/2020,8/31/2021,21,21011111,Pamatizglītības programma,Nav,Jā,Latviešu
4. c,4,c,9/1/2020,8/31/2021,25,21011111,Pamatizglītības programma,Nav,Jā,Latviešu
4. d,4,d,9/1/2020,8/31/2021,20,21011111,Pamatizglītības programma,Nav,Jā,Latviešu
4. d,4,d,9/1/2020,8/31/2021,1,21015611,Speciālās pamatizglītības programma izglītojamajiem ar mācīšanās traucējumiem,Nav,Nē,Latviešu
4. e,4,e,9/1/2020,8/31/2021,25,21011111,Pamatizglītības programma,Nav,Jā,Latviešu
5. a,5,a,9/1/2020,8/31/2021,15,21011111,Pamatizglītības programma,V-9387,Jā,Latviešu
5. a,5,a,9/1/2020,8/31/2021,4,21015611,Speciālās pamatizglītības programma izglītojamajiem ar mācīšanās traucējumiem,V-9390,Nē,Latviešu
5. b,5,b,9/1/2020,8/31/2021,27,21011111,Pamatizglītības programma,V-9387,Jā,Latviešu
5. c,5,c,9/1/2020,8/31/2021,26,21013111,Pamatizglītības dabaszinību programma,V-9389,Jā,Latviešu
5. d,5,d,9/1/2020,8/31/2021,27,21012111,Pamatizglītības humanitārā un sociālā virziena programma,V-9388,Jā,Latviešu
5. e,5,e,9/1/2020,8/31/2021,27,21013111,Pamatizglītības dabaszinību programma,V-9389,Jā,Latviešu
6. a,6,a,9/1/2020,8/31/2021,19,21011111,Pamatizglītības programma,V-9387,Jā,Latviešu
6. a,6,a,9/1/2020,8/31/2021,3,21015611,Speciālās pamatizglītības programma izglītojamajiem ar mācīšanās traucējumiem,V-9390,Nē,Latviešu
6. b,6,b,9/1/2020,8/31/2021,27,21011111,Pamatizglītības programma,V-9387,Jā,Latviešu
6. c,6,c,9/1/2020,8/31/2021,27,21013111,Pamatizglītības dabaszinību programma,V-9389,Jā,Latviešu
6. d,6,d,9/1/2020,8/31/2021,28,21012111,Pamatizglītības humanitārā un sociālā virziena programma,V-9388,Jā,Latviešu
6. e,6,e,9/1/2020,8/31/2021,23,21011111,Pamatizglītības programma,V-9387,Jā,Latviešu
6. e,6,e,9/1/2020,8/31/2021,2,21015611,Speciālās pamatizglītības programma izglītojamajiem ar mācīšanās traucējumiem,V-9390,Nē,Latviešu
7. a,7,a,9/1/2020,8/31/2021,24,21011111,Pamatizglītības programma,Nav,Jā,Latviešu
7. a,7,a,9/1/2020,8/31/2021,3,21015611,Speciālās pamatizglītības programma izglītojamajiem ar mācīšanās traucējumiem,Nav,Nē,Latviešu
7. b,7,b,9/1/2020,8/31/2021,29,21011111,Pamatizglītības programma,Nav,Jā,Latviešu
7. c,7,c,9/1/2020,8/31/2021,29,21011111,Pamatizglītības programma,Nav,Jā,Latviešu
7. d,7,d,9/1/2020,8/31/2021,27,21011111,Pamatizglītības programma,Nav,Jā,Latviešu
8. a,8,a,9/1/2020,8/31/2021,14,21011111,Pamatizglītības programma,V-9387,Jā,Latviešu
8. a,8,a,9/1/2020,8/31/2021,4,21015611,Speciālās pamatizglītības programma izglītojamajiem ar mācīšanās traucējumiem,V-9390,Nē,Latviešu
8. b,8,b,9/1/2020,8/31/2021,26,21011111,Pamatizglītības programma,V-9387,Jā,Latviešu
8. b,8,b,9/1/2020,8/31/2021,1,21015611,Speciālās pamatizglītības programma izglītojamajiem ar mācīšanās traucējumiem,V-9390,Nē,Latviešu
8. c,8,c,9/1/2020,8/31/2021,26,21013111,Pamatizglītības dabaszinību programma,V-9389,Jā,Latviešu
8. d,8,d,9/1/2020,8/31/2021,25,21012111,Pamatizglītības humanitārā un sociālā virziena programma,V-9388,Jā,Latviešu
9. a,9,a,9/1/2020,8/31/2021,24,21011111,Pamatizglītības programma,V-9387,Jā,Latviešu
9. a,9,a,9/1/2020,8/31/2021,1,21015611,Speciālās pamatizglītības programma izglītojamajiem ar mācīšanās traucējumiem,V-9390,Nē,Latviešu
9. b,9,b,9/1/2020,8/31/2021,20,21011111,Pamatizglītības programma,V-9387,Jā,Latviešu
9. b,9,b,9/1/2020,8/31/2021,2,21015611,Speciālās pamatizglītības programma izglītojamajiem ar mācīšanās traucējumiem,V-9390,Nē,Latviešu
9. c,9,c,9/1/2020,8/31/2021,23,21013111,Pamatizglītības dabaszinību programma,V-9389,Jā,Latviešu
9. d,9,d,9/1/2020,8/31/2021,28,21012111,Pamatizglītības humanitārā un sociālā virziena programma,V-9388,Jā,Latviešu
10. a,10,a,9/1/2020,8/31/2021,29,31016011,Vispārējās vidējās izglītības programma,Nav,Jā,Latviešu
10. b,10,b,9/1/2020,8/31/2021,27,31016011,Vispārējās vidējās izglītības programma,Nav,Jā,Latviešu
11. a,11,a,9/1/2020,8/31/2021,19,31011011,Vispārējās vidējās izglītības vispārizglītojošā virziena programma,V-9392,Jā,Latviešu
11. b,11,b,9/1/2020,8/31/2021,17,31013011,Vispārējās vidējās izglītības dabaszinību un tehnikas virziena programma,V-9393,Jā,Latviešu
11. b,11,b,9/1/2020,8/31/2021,8,31011011,Vispārējās vidējās izglītības vispārizglītojošā virziena programma,V-9392,Nē,Latviešu
12. a,12,a,9/1/2020,8/31/2021,17,31011011,Vispārējās vidējās izglītības vispārizglītojošā virziena programma,V-9392,Jā,Latviešu
12. b,12,b,9/1/2020,8/31/2021,19,31013011,Vispārējās vidējās izglītības dabaszinību un tehnikas virziena programma,V-9393,Jā,Latviešu